# x, y, val
0.0000 0.0000 14.1480
0.1000 0.0000 14.1550
0.2000 0.0000 14.1462
0.3000 0.0000 14.1297
0.4000 0.0000 14.1085
0.5000 0.0000 14.0837
0.6000 0.0000 14.0557
0.7000 0.0000 14.0250
0.8000 0.0000 13.9917
0.9000 0.0000 13.9555
1.0000 0.0000 13.9144
1.1000 0.0000 13.8657
1.2000 0.0000 13.8132
1.3000 0.0000 13.7594
1.4000 0.0000 13.7048
1.5000 0.0000 13.6485
1.6000 0.0000 13.5889
1.7000 0.0000 13.5242
1.8000 0.0000 13.4530
1.9000 0.0000 13.3733
2.0000 0.0000 13.2797
2.1000 0.0000 13.1646
2.2000 0.0000 13.0397
2.3000 0.0000 12.9139
2.4000 0.0000 12.7915
2.5000 0.0000 12.6749
2.6000 0.0000 12.5658
2.7000 0.0000 12.4655
2.8000 0.0000 12.3759
2.9000 0.0000 12.3029
3.0000 0.0000 12.2666
3.1000 0.0000 12.2963
3.2000 0.0000 12.3620
3.3000 0.0000 12.4433
3.4000 0.0000 12.5342
3.5000 0.0000 12.6330
3.6000 0.0000 12.7393
3.7000 0.0000 12.8522
3.8000 0.0000 12.9703
3.9000 0.0000 13.0921
4.0000 0.0000 13.2189
4.1000 0.0000 13.3532
4.2000 0.0000 13.4861
4.3000 0.0000 13.6110
4.4000 0.0000 13.7250
4.5000 0.0000 13.8270
4.6000 0.0000 13.9166
4.7000 0.0000 13.9941
4.8000 0.0000 14.0599
4.9000 0.0000 14.1132
0.0000 0.1000 14.0989
0.1000 0.1000 14.1081
0.2000 0.1000 14.1011
0.3000 0.1000 14.0852
0.4000 0.1000 14.0637
0.5000 0.1000 14.0381
0.6000 0.1000 14.0090
0.7000 0.1000 13.9769
0.8000 0.1000 13.9421
0.9000 0.1000 13.9040
1.0000 0.1000 13.8613
1.1000 0.1000 13.8128
1.2000 0.1000 13.7608
1.3000 0.1000 13.7077
1.4000 0.1000 13.6540
1.5000 0.1000 13.5988
1.6000 0.1000 13.5403
1.7000 0.1000 13.4764
1.8000 0.1000 13.4052
1.9000 0.1000 13.3243
2.0000 0.1000 13.2292
2.1000 0.1000 13.1169
2.2000 0.1000 12.9947
2.3000 0.1000 12.8709
2.4000 0.1000 12.7503
2.5000 0.1000 12.6357
2.6000 0.1000 12.5292
2.7000 0.1000 12.4326
2.8000 0.1000 12.3484
2.9000 0.1000 12.2836
3.0000 0.1000 12.2557
3.1000 0.1000 12.2798
3.2000 0.1000 12.3399
3.3000 0.1000 12.4179
3.4000 0.1000 12.5067
3.5000 0.1000 12.6039
3.6000 0.1000 12.7087
3.7000 0.1000 12.8203
3.8000 0.1000 12.9374
3.9000 0.1000 13.0590
4.0000 0.1000 13.1856
4.1000 0.1000 13.3172
4.2000 0.1000 13.4476
4.3000 0.1000 13.5709
4.4000 0.1000 13.6839
4.5000 0.1000 13.7853
4.6000 0.1000 13.8744
4.7000 0.1000 13.9512
4.8000 0.1000 14.0158
4.9000 0.1000 14.0667
0.0000 0.2000 14.0522
0.1000 0.2000 14.0633
0.2000 0.2000 14.0594
0.3000 0.2000 14.0453
0.4000 0.2000 14.0242
0.5000 0.2000 13.9979
0.6000 0.2000 13.9677
0.7000 0.2000 13.9341
0.8000 0.2000 13.8973
0.9000 0.2000 13.8572
1.0000 0.2000 13.8131
1.1000 0.2000 13.7650
1.2000 0.2000 13.7141
1.3000 0.2000 13.6619
1.4000 0.2000 13.6088
1.5000 0.2000 13.5538
1.6000 0.2000 13.4949
1.7000 0.2000 13.4300
1.8000 0.2000 13.3566
1.9000 0.2000 13.2727
2.0000 0.2000 13.1758
2.1000 0.2000 13.0661
2.2000 0.2000 12.9481
2.3000 0.2000 12.8281
2.4000 0.2000 12.7109
2.5000 0.2000 12.6002
2.6000 0.2000 12.4985
2.7000 0.2000 12.4085
2.8000 0.2000 12.3341
2.9000 0.2000 12.2818
3.0000 0.2000 12.2619
3.1000 0.2000 12.2805
3.2000 0.2000 12.3305
3.3000 0.2000 12.4012
3.4000 0.2000 12.4854
3.5000 0.2000 12.5800
3.6000 0.2000 12.6832
3.7000 0.2000 12.7942
3.8000 0.2000 12.9115
3.9000 0.2000 13.0340
4.0000 0.2000 13.1609
4.1000 0.2000 13.2901
4.2000 0.2000 13.4175
4.3000 0.2000 13.5385
4.4000 0.2000 13.6500
4.5000 0.2000 13.7502
4.6000 0.2000 13.8383
4.7000 0.2000 13.9135
4.8000 0.2000 13.9755
4.9000 0.2000 14.0225
0.0000 0.3000 14.0165
0.1000 0.3000 14.0285
0.2000 0.3000 14.0265
0.3000 0.3000 14.0136
0.4000 0.3000 13.9927
0.5000 0.3000 13.9659
0.6000 0.3000 13.9344
0.7000 0.3000 13.8991
0.8000 0.3000 13.8606
0.9000 0.3000 13.8189
1.0000 0.3000 13.7739
1.1000 0.3000 13.7260
1.2000 0.3000 13.6760
1.3000 0.3000 13.6245
1.4000 0.3000 13.5715
1.5000 0.3000 13.5159
1.6000 0.3000 13.4557
1.7000 0.3000 13.3886
1.8000 0.3000 13.3125
1.9000 0.3000 13.2258
2.0000 0.3000 13.1277
2.1000 0.3000 13.0194
2.2000 0.3000 12.9047
2.3000 0.3000 12.7884
2.4000 0.3000 12.6753
2.5000 0.3000 12.5691
2.6000 0.3000 12.4731
2.7000 0.3000 12.3906
2.8000 0.3000 12.3255
2.9000 0.3000 12.2828
3.0000 0.3000 12.2681
3.1000 0.3000 12.2837
3.2000 0.3000 12.3265
3.3000 0.3000 12.3903
3.4000 0.3000 12.4697
3.5000 0.3000 12.5613
3.6000 0.3000 12.6631
3.7000 0.3000 12.7737
3.8000 0.3000 12.8914
3.9000 0.3000 13.0146
4.0000 0.3000 13.1414
4.1000 0.3000 13.2691
4.2000 0.3000 13.3943
4.3000 0.3000 13.5134
4.4000 0.3000 13.6235
4.5000 0.3000 13.7228
4.6000 0.3000 13.8098
4.7000 0.3000 13.8838
4.8000 0.3000 13.9436
4.9000 0.3000 13.9882
0.0000 0.4000 13.9947
0.1000 0.4000 14.0071
0.2000 0.4000 14.0057
0.3000 0.4000 13.9930
0.4000 0.4000 13.9717
0.5000 0.4000 13.9439
0.6000 0.4000 13.9110
0.7000 0.4000 13.8741
0.8000 0.4000 13.8339
0.9000 0.4000 13.7908
1.0000 0.4000 13.7453
1.1000 0.4000 13.6976
1.2000 0.4000 13.6482
1.3000 0.4000 13.5970
1.4000 0.4000 13.5437
1.5000 0.4000 13.4868
1.6000 0.4000 13.4246
1.7000 0.4000 13.3550
1.8000 0.4000 13.2762
1.9000 0.4000 13.1872
2.0000 0.4000 13.0879
2.1000 0.4000 12.9802
2.2000 0.4000 12.8675
2.3000 0.4000 12.7542
2.4000 0.4000 12.6447
2.5000 0.4000 12.5431
2.6000 0.4000 12.4528
2.7000 0.4000 12.3771
2.8000 0.4000 12.3194
2.9000 0.4000 12.2833
3.0000 0.4000 12.2720
3.1000 0.4000 12.2865
3.2000 0.4000 12.3250
3.3000 0.4000 12.3839
3.4000 0.4000 12.4594
3.5000 0.4000 12.5485
3.6000 0.4000 12.6490
3.7000 0.4000 12.7591
3.8000 0.4000 12.8770
3.9000 0.4000 13.0004
4.0000 0.4000 13.1269
4.1000 0.4000 13.2536
4.2000 0.4000 13.3774
4.3000 0.4000 13.4952
4.4000 0.4000 13.6045
4.5000 0.4000 13.7034
4.6000 0.4000 13.7903
4.7000 0.4000 13.8639
4.8000 0.4000 13.9231
4.9000 0.4000 13.9669
0.0000 0.5000 13.9879
0.1000 0.5000 14.0003
0.2000 0.5000 13.9985
0.3000 0.5000 13.9851
0.4000 0.5000 13.9626
0.5000 0.5000 13.9333
0.6000 0.5000 13.8987
0.7000 0.5000 13.8599
0.8000 0.5000 13.8180
0.9000 0.5000 13.7737
1.0000 0.5000 13.7276
1.1000 0.5000 13.6801
1.2000 0.5000 13.6310
1.3000 0.5000 13.5800
1.4000 0.5000 13.5259
1.5000 0.5000 13.4675
1.6000 0.5000 13.4030
1.7000 0.5000 13.3309
1.8000 0.5000 13.2498
1.9000 0.5000 13.1589
2.0000 0.5000 13.0585
2.1000 0.5000 12.9506
2.2000 0.5000 12.8386
2.3000 0.5000 12.7270
2.4000 0.5000 12.6204
2.5000 0.5000 12.5228
2.6000 0.5000 12.4376
2.7000 0.5000 12.3677
2.8000 0.5000 12.3160
2.9000 0.5000 12.2849
3.0000 0.5000 12.2763
3.1000 0.5000 12.2907
3.2000 0.5000 12.3269
3.3000 0.5000 12.3827
3.4000 0.5000 12.4553
3.5000 0.5000 12.5424
3.6000 0.5000 12.6418
3.7000 0.5000 12.7513
3.8000 0.5000 12.8688
3.9000 0.5000 12.9920
4.0000 0.5000 13.1179
4.1000 0.5000 13.2438
4.2000 0.5000 13.3666
4.3000 0.5000 13.4838
4.4000 0.5000 13.5930
4.5000 0.5000 13.6924
4.6000 0.5000 13.7801
4.7000 0.5000 13.8548
4.8000 0.5000 13.9150
4.9000 0.5000 13.9596
0.0000 0.6000 13.9965
0.1000 0.6000 14.0088
0.2000 0.6000 14.0058
0.3000 0.6000 13.9905
0.4000 0.6000 13.9660
0.5000 0.6000 13.9346
0.6000 0.6000 13.8979
0.7000 0.6000 13.8571
0.8000 0.6000 13.8131
0.9000 0.6000 13.7671
1.0000 0.6000 13.7202
1.1000 0.6000 13.6728
1.2000 0.6000 13.6243
1.3000 0.6000 13.5733
1.4000 0.6000 13.5185
1.5000 0.6000 13.4584
1.6000 0.6000 13.3917
1.7000 0.6000 13.3175
1.8000 0.6000 13.2348
1.9000 0.6000 13.1427
2.0000 0.6000 13.0412
2.1000 0.6000 12.9321
2.2000 0.6000 12.8192
2.3000 0.6000 12.7078
2.4000 0.6000 12.6029
2.5000 0.6000 12.5085
2.6000 0.6000 12.4278
2.7000 0.6000 12.3632
2.8000 0.6000 12.3167
2.9000 0.6000 12.2899
3.0000 0.6000 12.2839
3.1000 0.6000 12.2988
3.2000 0.6000 12.3340
3.3000 0.6000 12.3879
3.4000 0.6000 12.4587
3.5000 0.6000 12.5441
3.6000 0.6000 12.6422
3.7000 0.6000 12.7508
3.8000 0.6000 12.8676
3.9000 0.6000 12.9900
4.0000 0.6000 13.1151
4.1000 0.6000 13.2400
4.2000 0.6000 13.3621
4.3000 0.6000 13.4791
4.4000 0.6000 13.5889
4.5000 0.6000 13.6896
4.6000 0.6000 13.7795
4.7000 0.6000 13.8569
4.8000 0.6000 13.9200
4.9000 0.6000 13.9669
0.0000 0.7000 14.0212
0.1000 0.7000 14.0330
0.2000 0.7000 14.0273
0.3000 0.7000 14.0089
0.4000 0.7000 13.9816
0.5000 0.7000 13.9478
0.6000 0.7000 13.9087
0.7000 0.7000 13.8653
0.8000 0.7000 13.8186
0.9000 0.7000 13.7702
1.0000 0.7000 13.7220
1.1000 0.7000 13.6748
1.2000 0.7000 13.6272
1.3000 0.7000 13.5767
1.4000 0.7000 13.5212
1.5000 0.7000 13.4593
1.6000 0.7000 13.3907
1.7000 0.7000 13.3151
1.8000 0.7000 13.2320
1.9000 0.7000 13.1401
2.0000 0.7000 13.0379
2.1000 0.7000 12.9263
2.2000 0.7000 12.8104
2.3000 0.7000 12.6973
2.4000 0.7000 12.5927
2.5000 0.7000 12.5008
2.6000 0.7000 12.4241
2.7000 0.7000 12.3644
2.8000 0.7000 12.3228
2.9000 0.7000 12.3002
3.0000 0.7000 12.2969
3.1000 0.7000 12.3130
3.2000 0.7000 12.3479
3.3000 0.7000 12.4007
3.4000 0.7000 12.4700
3.5000 0.7000 12.5540
3.6000 0.7000 12.6508
3.7000 0.7000 12.7582
3.8000 0.7000 12.8739
3.9000 0.7000 12.9950
4.0000 0.7000 13.1189
4.1000 0.7000 13.2428
4.2000 0.7000 13.3643
4.3000 0.7000 13.4814
4.4000 0.7000 13.5922
4.5000 0.7000 13.6951
4.6000 0.7000 13.7883
4.7000 0.7000 13.8700
4.8000 0.7000 13.9379
4.9000 0.7000 13.9893
0.0000 0.8000 14.0619
0.1000 0.8000 14.0722
0.2000 0.8000 14.0621
0.3000 0.8000 14.0393
0.4000 0.8000 14.0086
0.5000 0.8000 13.9721
0.6000 0.8000 13.9306
0.7000 0.8000 13.8844
0.8000 0.8000 13.8341
0.9000 0.8000 13.7818
1.0000 0.8000 13.7314
1.1000 0.8000 13.6848
1.2000 0.8000 13.6390
1.3000 0.8000 13.5894
1.4000 0.8000 13.5333
1.5000 0.8000 13.4697
1.6000 0.8000 13.3992
1.7000 0.8000 13.3228
1.8000 0.8000 13.2409
1.9000 0.8000 13.1515
2.0000 0.8000 13.0497
2.1000 0.8000 12.9340
2.2000 0.8000 12.8123
2.3000 0.8000 12.6952
2.4000 0.8000 12.5899
2.5000 0.8000 12.4999
2.6000 0.8000 12.4269
2.7000 0.8000 12.3718
2.8000 0.8000 12.3351
2.9000 0.8000 12.3168
3.0000 0.8000 12.3166
3.1000 0.8000 12.3340
3.2000 0.8000 12.3690
3.3000 0.8000 12.4211
3.4000 0.8000 12.4893
3.5000 0.8000 12.5721
3.6000 0.8000 12.6675
3.7000 0.8000 12.7736
3.8000 0.8000 12.8878
3.9000 0.8000 13.0076
4.0000 0.8000 13.1301
4.1000 0.8000 13.2528
4.2000 0.8000 13.3737
4.3000 0.8000 13.4910
4.4000 0.8000 13.6031
4.5000 0.8000 13.7087
4.6000 0.8000 13.8059
4.7000 0.8000 13.8931
4.8000 0.8000 13.9679
4.9000 0.8000 14.0261
0.0000 0.9000 14.1155
0.1000 0.9000 14.1227
0.2000 0.9000 14.1064
0.3000 0.9000 14.0789
0.4000 0.9000 14.0452
0.5000 0.9000 14.0066
0.6000 0.9000 13.9631
0.7000 0.9000 13.9142
0.8000 0.9000 13.8600
0.9000 0.9000 13.8025
1.0000 0.9000 13.7482
1.1000 0.9000 13.7030
1.2000 0.9000 13.6599
1.3000 0.9000 13.6110
1.4000 0.9000 13.5537
1.5000 0.9000 13.4879
1.6000 0.9000 13.4151
1.7000 0.9000 13.3378
1.8000 0.9000 13.2577
1.9000 0.9000 13.1732
2.0000 0.9000 13.0742
2.1000 0.9000 12.9520
2.2000 0.9000 12.8219
2.3000 0.9000 12.7003
2.4000 0.9000 12.5941
2.5000 0.9000 12.5059
2.6000 0.9000 12.4365
2.7000 0.9000 12.3858
2.8000 0.9000 12.3538
2.9000 0.9000 12.3398
3.0000 0.9000 12.3429
3.1000 0.9000 12.3616
3.2000 0.9000 12.3966
3.3000 0.9000 12.4483
3.4000 0.9000 12.5158
3.5000 0.9000 12.5976
3.6000 0.9000 12.6918
3.7000 0.9000 12.7966
3.8000 0.9000 12.9095
3.9000 0.9000 13.0279
4.0000 0.9000 13.1492
4.1000 0.9000 13.2709
4.2000 0.9000 13.3912
4.3000 0.9000 13.5088
4.4000 0.9000 13.6223
4.5000 0.9000 13.7305
4.6000 0.9000 13.8317
4.7000 0.9000 13.9244
4.8000 0.9000 14.0067
4.9000 0.9000 14.0739
0.0000 1.0000 14.1694
0.1000 1.0000 14.1733
0.2000 1.0000 14.1535
0.3000 1.0000 14.1240
0.4000 1.0000 14.0892
0.5000 1.0000 14.0498
0.6000 1.0000 14.0053
0.7000 1.0000 13.9550
0.8000 1.0000 13.8983
0.9000 1.0000 13.8368
1.0000 1.0000 13.7781
1.1000 1.0000 13.7339
1.2000 1.0000 13.6911
1.3000 1.0000 13.6409
1.4000 1.0000 13.5809
1.5000 1.0000 13.5117
1.6000 1.0000 13.4355
1.7000 1.0000 13.3555
1.8000 1.0000 13.2747
1.9000 1.0000 13.1924
2.0000 1.0000 13.0969
2.1000 1.0000 12.9683
2.2000 1.0000 12.8332
2.3000 1.0000 12.7100
2.4000 1.0000 12.6047
2.5000 1.0000 12.5190
2.6000 1.0000 12.4531
2.7000 1.0000 12.4063
2.8000 1.0000 12.3781
2.9000 1.0000 12.3677
3.0000 1.0000 12.3737
3.1000 1.0000 12.3936
3.2000 1.0000 12.4291
3.3000 1.0000 12.4808
3.4000 1.0000 12.5480
3.5000 1.0000 12.6292
3.6000 1.0000 12.7227
3.7000 1.0000 12.8266
3.8000 1.0000 12.9386
3.9000 1.0000 13.0561
4.0000 1.0000 13.1766
4.1000 1.0000 13.2977
4.2000 1.0000 13.4178
4.3000 1.0000 13.5358
4.4000 1.0000 13.6505
4.5000 1.0000 13.7606
4.6000 1.0000 13.8647
4.7000 1.0000 13.9612
4.8000 1.0000 14.0481
4.9000 1.0000 14.1217
0.0000 1.1000 14.2036
0.1000 1.1000 14.2130
0.2000 1.1000 14.1983
0.3000 1.1000 14.1717
0.4000 1.1000 14.1385
0.5000 1.1000 14.0998
0.6000 1.1000 14.0557
0.7000 1.1000 14.0054
0.8000 1.1000 13.9490
0.9000 1.1000 13.8885
1.0000 1.1000 13.8306
1.1000 1.1000 13.7810
1.2000 1.1000 13.7325
1.3000 1.1000 13.6774
1.4000 1.1000 13.6129
1.5000 1.1000 13.5391
1.6000 1.1000 13.4582
1.7000 1.1000 13.3731
1.8000 1.1000 13.2865
1.9000 1.1000 13.1970
2.0000 1.1000 13.0948
2.1000 1.1000 12.9714
2.2000 1.1000 12.8421
2.3000 1.1000 12.7232
2.4000 1.1000 12.6215
2.5000 1.1000 12.5393
2.6000 1.1000 12.4767
2.7000 1.1000 12.4328
2.8000 1.1000 12.4071
2.9000 1.1000 12.3985
3.0000 1.1000 12.4058
3.1000 1.1000 12.4274
3.2000 1.1000 12.4642
3.3000 1.1000 12.5167
3.4000 1.1000 12.5843
3.5000 1.1000 12.6656
3.6000 1.1000 12.7590
3.7000 1.1000 12.8628
3.8000 1.1000 12.9747
3.9000 1.1000 13.0921
4.0000 1.1000 13.2125
4.1000 1.1000 13.3337
4.2000 1.1000 13.4541
4.3000 1.1000 13.5726
4.4000 1.1000 13.6881
4.5000 1.1000 13.7993
4.6000 1.1000 13.9044
4.7000 1.1000 14.0014
4.8000 1.1000 14.0879
4.9000 1.1000 14.1589
0.0000 1.2000 14.2347
0.1000 1.2000 14.2493
0.2000 1.2000 14.2421
0.3000 1.2000 14.2211
0.4000 1.2000 14.1911
0.5000 1.2000 14.1543
0.6000 1.2000 14.1113
0.7000 1.2000 14.0621
0.8000 1.2000 14.0073
0.9000 1.2000 13.9490
1.0000 1.2000 13.8912
1.1000 1.2000 13.8359
1.2000 1.2000 13.7797
1.3000 1.2000 13.7179
1.4000 1.2000 13.6476
1.5000 1.2000 13.5686
1.6000 1.2000 13.4823
1.7000 1.2000 13.3912
1.8000 1.2000 13.2967
1.9000 1.2000 13.1978
2.0000 1.2000 13.0902
2.1000 1.2000 12.9725
2.2000 1.2000 12.8527
2.3000 1.2000 12.7414
2.4000 1.2000 12.6452
2.5000 1.2000 12.5668
2.6000 1.2000 12.5068
2.7000 1.2000 12.4649
2.8000 1.2000 12.4403
2.9000 1.2000 12.4322
3.0000 1.2000 12.4398
3.1000 1.2000 12.4627
3.2000 1.2000 12.5009
3.3000 1.2000 12.5545
3.4000 1.2000 12.6229
3.5000 1.2000 12.7050
3.6000 1.2000 12.7993
3.7000 1.2000 12.9041
3.8000 1.2000 13.0169
3.9000 1.2000 13.1354
4.0000 1.2000 13.2568
4.1000 1.2000 13.3789
4.2000 1.2000 13.5001
4.3000 1.2000 13.6192
4.4000 1.2000 13.7351
4.5000 1.2000 13.8462
4.6000 1.2000 13.9506
4.7000 1.2000 14.0456
4.8000 1.2000 14.1280
4.9000 1.2000 14.1932
0.0000 1.3000 14.2719
0.1000 1.3000 14.2893
0.2000 1.3000 14.2876
0.3000 1.3000 14.2715
0.4000 1.3000 14.2450
0.5000 1.3000 14.2103
0.6000 1.3000 14.1685
0.7000 1.3000 14.1203
0.8000 1.3000 14.0666
0.9000 1.3000 14.0092
1.0000 1.3000 13.9502
1.1000 1.3000 13.8902
1.2000 1.3000 13.8275
1.3000 1.3000 13.7594
1.4000 1.3000 13.6836
1.5000 1.3000 13.5997
1.6000 1.3000 13.5087
1.7000 1.3000 13.4122
1.8000 1.3000 13.3114
1.9000 1.3000 13.2065
2.0000 1.3000 13.0967
2.1000 1.3000 12.9832
2.2000 1.3000 12.8710
2.3000 1.3000 12.7668
2.4000 1.3000 12.6758
2.5000 1.3000 12.6008
2.6000 1.3000 12.5426
2.7000 1.3000 12.5014
2.8000 1.3000 12.4768
2.9000 1.3000 12.4683
3.0000 1.3000 12.4757
3.1000 1.3000 12.4990
3.2000 1.3000 12.5380
3.3000 1.3000 12.5927
3.4000 1.3000 12.6624
3.5000 1.3000 12.7461
3.6000 1.3000 12.8423
3.7000 1.3000 12.9492
3.8000 1.3000 13.0643
3.9000 1.3000 13.1850
4.0000 1.3000 13.3085
4.1000 1.3000 13.4323
4.2000 1.3000 13.5548
4.3000 1.3000 13.6745
4.4000 1.3000 13.7903
4.5000 1.3000 13.9004
4.6000 1.3000 14.0026
4.7000 1.3000 14.0943
4.8000 1.3000 14.1721
4.9000 1.3000 14.2325
0.0000 1.4000 14.3142
0.1000 1.4000 14.3328
0.2000 1.4000 14.3341
0.3000 1.4000 14.3213
0.4000 1.4000 14.2973
0.5000 1.4000 14.2642
0.6000 1.4000 14.2234
0.7000 1.4000 14.1758
0.8000 1.4000 14.1225
0.9000 1.4000 14.0649
1.0000 1.4000 14.0041
1.1000 1.4000 13.9406
1.2000 1.4000 13.8733
1.3000 1.4000 13.8004
1.4000 1.4000 13.7204
1.5000 1.4000 13.6327
1.6000 1.4000 13.5381
1.7000 1.4000 13.4379
1.8000 1.4000 13.3333
1.9000 1.4000 13.2255
2.0000 1.4000 13.1154
2.1000 1.4000 13.0052
2.2000 1.4000 12.8984
2.3000 1.4000 12.7996
2.4000 1.4000 12.7126
2.5000 1.4000 12.6398
2.6000 1.4000 12.5824
2.7000 1.4000 12.5408
2.8000 1.4000 12.5152
2.9000 1.4000 12.5055
3.0000 1.4000 12.5121
3.1000 1.4000 12.5350
3.2000 1.4000 12.5744
3.3000 1.4000 12.6300
3.4000 1.4000 12.7013
3.5000 1.4000 12.7873
3.6000 1.4000 12.8864
3.7000 1.4000 12.9966
3.8000 1.4000 13.1153
3.9000 1.4000 13.2395
4.0000 1.4000 13.3660
4.1000 1.4000 13.4922
4.2000 1.4000 13.6161
4.3000 1.4000 13.7363
4.4000 1.4000 13.8513
4.5000 1.4000 13.9595
4.6000 1.4000 14.0588
4.7000 1.4000 14.1466
4.8000 1.4000 14.2200
4.9000 1.4000 14.2766
0.0000 1.5000 14.3577
0.1000 1.5000 14.3760
0.2000 1.5000 14.3784
0.3000 1.5000 14.3672
0.4000 1.5000 14.3447
0.5000 1.5000 14.3128
0.6000 1.5000 14.2726
0.7000 1.5000 14.2254
0.8000 1.5000 14.1721
0.9000 1.5000 14.1140
1.0000 1.5000 14.0520
1.1000 1.5000 13.9863
1.2000 1.5000 13.9163
1.3000 1.5000 13.8406
1.4000 1.5000 13.7579
1.5000 1.5000 13.6678
1.6000 1.5000 13.5710
1.7000 1.5000 13.4685
1.8000 1.5000 13.3620
1.9000 1.5000 13.2530
2.0000 1.5000 13.1436
2.1000 1.5000 13.0359
2.2000 1.5000 12.9330
2.3000 1.5000 12.8379
2.4000 1.5000 12.7534
2.5000 1.5000 12.6816
2.6000 1.5000 12.6239
2.7000 1.5000 12.5810
2.8000 1.5000 12.5535
2.9000 1.5000 12.5420
3.0000 1.5000 12.5471
3.1000 1.5000 12.5691
3.2000 1.5000 12.6085
3.3000 1.5000 12.6649
3.4000 1.5000 12.7381
3.5000 1.5000 12.8270
3.6000 1.5000 12.9299
3.7000 1.5000 13.0446
3.8000 1.5000 13.1681
3.9000 1.5000 13.2969
4.0000 1.5000 13.4273
4.1000 1.5000 13.5562
4.2000 1.5000 13.6814
4.3000 1.5000 13.8014
4.4000 1.5000 13.9150
4.5000 1.5000 14.0207
4.6000 1.5000 14.1163
4.7000 1.5000 14.1999
4.8000 1.5000 14.2691
4.9000 1.5000 14.3221
0.0000 1.6000 14.3979
0.1000 1.6000 14.4148
0.2000 1.6000 14.4170
0.3000 1.6000 14.4061
0.4000 1.6000 14.3843
0.5000 1.6000 14.3530
0.6000 1.6000 14.3135
0.7000 1.6000 14.2666
0.8000 1.6000 14.2134
0.9000 1.6000 14.1552
1.0000 1.6000 14.0928
1.1000 1.6000 14.0267
1.2000 1.6000 13.9561
1.3000 1.6000 13.8796
1.4000 1.6000 13.7961
1.5000 1.6000 13.7050
1.6000 1.6000 13.6070
1.7000 1.6000 13.5032
1.8000 1.6000 13.3955
1.9000 1.6000 13.2860
2.0000 1.6000 13.1772
2.1000 1.6000 13.0717
2.2000 1.6000 12.9716
2.3000 1.6000 12.8790
2.4000 1.6000 12.7959
2.5000 1.6000 12.7240
2.6000 1.6000 12.6649
2.7000 1.6000 12.6198
2.8000 1.6000 12.5898
2.9000 1.6000 12.5760
3.0000 1.6000 12.5791
3.1000 1.6000 12.5998
3.2000 1.6000 12.6387
3.3000 1.6000 12.6959
3.4000 1.6000 12.7710
3.5000 1.6000 12.8631
3.6000 1.6000 12.9706
3.7000 1.6000 13.0909
3.8000 1.6000 13.2206
3.9000 1.6000 13.3553
4.0000 1.6000 13.4903
4.1000 1.6000 13.6218
4.2000 1.6000 13.7476
4.3000 1.6000 13.8666
4.4000 1.6000 13.9779
4.5000 1.6000 14.0802
4.6000 1.6000 14.1717
4.7000 1.6000 14.2508
4.8000 1.6000 14.3157
4.9000 1.6000 14.3649
0.0000 1.7000 14.4315
0.1000 1.7000 14.4461
0.2000 1.7000 14.4469
0.3000 1.7000 14.4355
0.4000 1.7000 14.4138
0.5000 1.7000 14.3830
0.6000 1.7000 14.3442
0.7000 1.7000 14.2980
0.8000 1.7000 14.2453
0.9000 1.7000 14.1874
1.0000 1.7000 14.1258
1.1000 1.7000 14.0611
1.2000 1.7000 13.9921
1.3000 1.7000 13.9170
1.4000 1.7000 13.8343
1.5000 1.7000 13.7434
1.6000 1.7000 13.6450
1.7000 1.7000 13.5403
1.8000 1.7000 13.4314
1.9000 1.7000 13.3210
2.0000 1.7000 13.2124
2.1000 1.7000 13.1086
2.2000 1.7000 13.0108
2.3000 1.7000 12.9200
2.4000 1.7000 12.8374
2.5000 1.7000 12.7646
2.6000 1.7000 12.7034
2.7000 1.7000 12.6555
2.8000 1.7000 12.6226
2.9000 1.7000 12.6059
3.0000 1.7000 12.6067
3.1000 1.7000 12.6257
3.2000 1.7000 12.6638
3.3000 1.7000 12.7214
3.4000 1.7000 12.7984
3.5000 1.7000 12.8939
3.6000 1.7000 13.0064
3.7000 1.7000 13.1333
3.8000 1.7000 13.2707
3.9000 1.7000 13.4129
4.0000 1.7000 13.5532
4.1000 1.7000 13.6867
4.2000 1.7000 13.8115
4.3000 1.7000 13.9281
4.4000 1.7000 14.0360
4.5000 1.7000 14.1344
4.6000 1.7000 14.2215
4.7000 1.7000 14.2959
4.8000 1.7000 14.3562
4.9000 1.7000 14.4016
0.0000 1.8000 14.4559
0.1000 1.8000 14.4678
0.2000 1.8000 14.4666
0.3000 1.8000 14.4542
0.4000 1.8000 14.4323
0.5000 1.8000 14.4022
0.6000 1.8000 14.3645
0.7000 1.8000 14.3194
0.8000 1.8000 14.2674
0.9000 1.8000 14.2100
1.0000 1.8000 14.1499
1.1000 1.8000 14.0885
1.2000 1.8000 14.0235
1.3000 1.8000 13.9517
1.4000 1.8000 13.8713
1.5000 1.8000 13.7816
1.6000 1.8000 13.6834
1.7000 1.8000 13.5779
1.8000 1.8000 13.4672
1.9000 1.8000 13.3549
2.0000 1.8000 13.2457
2.1000 1.8000 13.1434
2.2000 1.8000 13.0481
2.3000 1.8000 12.9588
2.4000 1.8000 12.8761
2.5000 1.8000 12.8016
2.6000 1.8000 12.7376
2.7000 1.8000 12.6865
2.8000 1.8000 12.6502
2.9000 1.8000 12.6306
3.0000 1.8000 12.6287
3.1000 1.8000 12.6455
3.2000 1.8000 12.6824
3.3000 1.8000 12.7400
3.4000 1.8000 12.8185
3.5000 1.8000 12.9173
3.6000 1.8000 13.0348
3.7000 1.8000 13.1688
3.8000 1.8000 13.3151
3.9000 1.8000 13.4669
4.0000 1.8000 13.6138
4.1000 1.8000 13.7477
4.2000 1.8000 13.8691
4.3000 1.8000 13.9815
4.4000 1.8000 14.0854
4.5000 1.8000 14.1794
4.6000 1.8000 14.2621
4.7000 1.8000 14.3319
4.8000 1.8000 14.3879
4.9000 1.8000 14.4294
0.0000 1.9000 14.4699
0.1000 1.9000 14.4789
0.2000 1.9000 14.4755
0.3000 1.9000 14.4620
0.4000 1.9000 14.4402
0.5000 1.9000 14.4111
0.6000 1.9000 14.3749
0.7000 1.9000 14.3315
0.8000 1.9000 14.2807
0.9000 1.9000 14.2238
1.0000 1.9000 14.1652
1.1000 1.9000 14.1089
1.2000 1.9000 14.0498
1.3000 1.9000 13.9826
1.4000 1.9000 13.9053
1.5000 1.9000 13.8175
1.6000 1.9000 13.7201
1.7000 1.9000 13.6142
1.8000 1.9000 13.5018
1.9000 1.9000 13.3864
2.0000 1.9000 13.2753
2.1000 1.9000 13.1750
2.2000 1.9000 13.0824
2.3000 1.9000 12.9941
2.4000 1.9000 12.9104
2.5000 1.9000 12.8335
2.6000 1.9000 12.7662
2.7000 1.9000 12.7113
2.8000 1.9000 12.6715
2.9000 1.9000 12.6487
3.0000 1.9000 12.6440
3.1000 1.9000 12.6584
3.2000 1.9000 12.6936
3.3000 1.9000 12.7507
3.4000 1.9000 12.8303
3.5000 1.9000 12.9315
3.6000 1.9000 13.0533
3.7000 1.9000 13.1935
3.8000 1.9000 13.3488
3.9000 1.9000 13.5119
4.0000 1.9000 13.6669
4.1000 1.9000 13.7987
4.2000 1.9000 13.9142
4.3000 1.9000 14.0216
4.4000 1.9000 14.1216
4.5000 1.9000 14.2119
4.6000 1.9000 14.2906
4.7000 1.9000 14.3564
4.8000 1.9000 14.4085
4.9000 1.9000 14.4465
0.0000 2.0000 14.4725
0.1000 2.0000 14.4792
0.2000 2.0000 14.4742
0.3000 2.0000 14.4601
0.4000 2.0000 14.4387
0.5000 2.0000 14.4110
0.6000 2.0000 14.3770
0.7000 2.0000 14.3361
0.8000 2.0000 14.2878
0.9000 2.0000 14.2327
1.0000 2.0000 14.1760
1.1000 2.0000 14.1253
1.2000 2.0000 14.0716
1.3000 2.0000 14.0085
1.4000 2.0000 13.9343
1.5000 2.0000 13.8488
1.6000 2.0000 13.7529
1.7000 2.0000 13.6477
1.8000 2.0000 13.5351
1.9000 2.0000 13.4180
2.0000 2.0000 13.3046
2.1000 2.0000 13.2060
2.2000 2.0000 13.1143
2.3000 2.0000 13.0251
2.4000 2.0000 12.9390
2.5000 2.0000 12.8589
2.6000 2.0000 12.7877
2.7000 2.0000 12.7288
2.8000 2.0000 12.6850
2.9000 2.0000 12.6588
3.0000 2.0000 12.6514
3.1000 2.0000 12.6632
3.2000 2.0000 12.6966
3.3000 2.0000 12.7531
3.4000 2.0000 12.8329
3.5000 2.0000 12.9356
3.6000 2.0000 13.0597
3.7000 2.0000 13.2036
3.8000 2.0000 13.3640
3.9000 2.0000 13.5346
4.0000 2.0000 13.6971
4.1000 2.0000 13.8257
4.2000 2.0000 13.9377
4.3000 2.0000 14.0429
4.4000 2.0000 14.1409
4.5000 2.0000 14.2289
4.6000 2.0000 14.3047
4.7000 2.0000 14.3674
4.8000 2.0000 14.4163
4.9000 2.0000 14.4515
0.0000 2.1000 14.4631
0.1000 2.1000 14.4689
0.2000 2.1000 14.4635
0.3000 2.1000 14.4497
0.4000 2.1000 14.4293
0.5000 2.1000 14.4034
0.6000 2.1000 14.3720
0.7000 2.1000 14.3345
0.8000 2.1000 14.2905
0.9000 2.1000 14.2409
1.0000 2.1000 14.1897
1.1000 2.1000 14.1406
1.2000 2.1000 14.0885
1.3000 2.1000 14.0277
1.4000 2.1000 13.9560
1.5000 2.1000 13.8731
1.6000 2.1000 13.7796
1.7000 2.1000 13.6767
1.8000 2.1000 13.5665
1.9000 2.1000 13.4522
2.0000 2.1000 13.3410
2.1000 2.1000 13.2393
2.2000 2.1000 13.1438
2.3000 2.1000 13.0508
2.4000 2.1000 12.9609
2.5000 2.1000 12.8766
2.6000 2.1000 12.8010
2.7000 2.1000 12.7378
2.8000 2.1000 12.6899
2.9000 2.1000 12.6599
3.0000 2.1000 12.6493
3.1000 2.1000 12.6591
3.2000 2.1000 12.6913
3.3000 2.1000 12.7470
3.4000 2.1000 12.8266
3.5000 2.1000 12.9293
3.6000 2.1000 13.0536
3.7000 2.1000 13.1971
3.8000 2.1000 13.3562
3.9000 2.1000 13.5231
4.0000 2.1000 13.6819
4.1000 2.1000 13.8167
4.2000 2.1000 13.9343
4.3000 2.1000 14.0424
4.4000 2.1000 14.1412
4.5000 2.1000 14.2288
4.6000 2.1000 14.3033
4.7000 2.1000 14.3641
4.8000 2.1000 14.4110
4.9000 2.1000 14.4440
0.0000 2.2000 14.4439
0.1000 2.2000 14.4498
0.2000 2.2000 14.4452
0.3000 2.2000 14.4323
0.4000 2.2000 14.4133
0.5000 2.2000 14.3894
0.6000 2.2000 14.3606
0.7000 2.2000 14.3267
0.8000 2.2000 14.2874
0.9000 2.2000 14.2436
1.0000 2.2000 14.1973
1.1000 2.2000 14.1495
1.2000 2.2000 14.0975
1.3000 2.2000 14.0378
1.4000 2.2000 13.9682
1.5000 2.2000 13.8880
1.6000 2.2000 13.7976
1.7000 2.2000 13.6984
1.8000 2.2000 13.5922
1.9000 2.2000 13.4823
2.0000 2.2000 13.3733
2.1000 2.2000 13.2685
2.2000 2.2000 13.1676
2.3000 2.2000 13.0694
2.4000 2.2000 12.9746
2.5000 2.2000 12.8856
2.6000 2.2000 12.8055
2.7000 2.2000 12.7378
2.8000 2.2000 12.6858
2.9000 2.2000 12.6521
3.0000 2.2000 12.6386
3.1000 2.2000 12.6467
3.2000 2.2000 12.6779
3.3000 2.2000 12.7330
3.4000 2.2000 12.8119
3.5000 2.2000 12.9136
3.6000 2.2000 13.0361
3.7000 2.2000 13.1763
3.8000 2.2000 13.3299
3.9000 2.2000 13.4891
4.0000 2.2000 13.6430
4.1000 2.2000 13.7828
4.2000 2.2000 13.9082
4.3000 2.2000 14.0216
4.4000 2.2000 14.1234
4.5000 2.2000 14.2121
4.6000 2.2000 14.2868
4.7000 2.2000 14.3472
4.8000 2.2000 14.3933
4.9000 2.2000 14.4254
0.0000 2.3000 14.4168
0.1000 2.3000 14.4238
0.2000 2.3000 14.4204
0.3000 2.3000 14.4089
0.4000 2.3000 14.3915
0.5000 2.3000 14.3692
0.6000 2.3000 14.3426
0.7000 2.3000 14.3116
0.8000 2.3000 14.2760
0.9000 2.3000 14.2364
1.0000 2.3000 14.1933
1.1000 2.3000 14.1468
1.2000 2.3000 14.0953
1.3000 2.3000 14.0366
1.4000 2.3000 13.9690
1.5000 2.3000 13.8918
1.6000 2.3000 13.8051
1.7000 2.3000 13.7100
1.8000 2.3000 13.6082
1.9000 2.3000 13.5021
2.0000 2.3000 13.3944
2.1000 2.3000 13.2875
2.2000 2.3000 13.1821
2.3000 2.3000 13.0789
2.4000 2.3000 12.9791
2.5000 2.3000 12.8852
2.6000 2.3000 12.8006
2.7000 2.3000 12.7286
2.8000 2.3000 12.6727
2.9000 2.3000 12.6358
3.0000 2.3000 12.6199
3.1000 2.3000 12.6266
3.2000 2.3000 12.6571
3.3000 2.3000 12.7116
3.4000 2.3000 12.7897
3.5000 2.3000 12.8897
3.6000 2.3000 13.0094
3.7000 2.3000 13.1453
3.8000 2.3000 13.2927
3.9000 2.3000 13.4453
4.0000 2.3000 13.5954
4.1000 2.3000 13.7370
4.2000 2.3000 13.8673
4.3000 2.3000 13.9853
4.4000 2.3000 14.0902
4.5000 2.3000 14.1810
4.6000 2.3000 14.2570
4.7000 2.3000 14.3183
4.8000 2.3000 14.3650
4.9000 2.3000 14.3977
0.0000 2.4000 14.3835
0.1000 2.4000 14.3920
0.2000 2.4000 14.3901
0.3000 2.4000 14.3801
0.4000 2.4000 14.3639
0.5000 2.4000 14.3429
0.6000 2.4000 14.3178
0.7000 2.4000 14.2885
0.8000 2.4000 14.2553
0.9000 2.4000 14.2180
1.0000 2.4000 14.1768
1.1000 2.4000 14.1314
1.2000 2.4000 14.0807
1.3000 2.4000 14.0233
1.4000 2.4000 13.9578
1.5000 2.4000 13.8838
1.6000 2.4000 13.8011
1.7000 2.4000 13.7104
1.8000 2.4000 13.6128
1.9000 2.4000 13.5097
2.0000 2.4000 13.4032
2.1000 2.4000 13.2948
2.2000 2.4000 13.1860
2.3000 2.4000 13.0783
2.4000 2.4000 12.9739
2.5000 2.4000 12.8754
2.6000 2.4000 12.7863
2.7000 2.4000 12.7102
2.8000 2.4000 12.6507
2.9000 2.4000 12.6107
3.0000 2.4000 12.5929
3.1000 2.4000 12.5989
3.2000 2.4000 12.6292
3.3000 2.4000 12.6836
3.4000 2.4000 12.7610
3.5000 2.4000 12.8594
3.6000 2.4000 12.9761
3.7000 2.4000 13.1077
3.8000 2.4000 13.2497
3.9000 2.4000 13.3969
4.0000 2.4000 13.5437
4.1000 2.4000 13.6850
4.2000 2.4000 13.8173
4.3000 2.4000 13.9381
4.4000 2.4000 14.0457
4.5000 2.4000 14.1388
4.6000 2.4000 14.2169
4.7000 2.4000 14.2801
4.8000 2.4000 14.3285
4.9000 2.4000 14.3628
0.0000 2.5000 14.3455
0.1000 2.5000 14.3557
0.2000 2.5000 14.3551
0.3000 2.5000 14.3461
0.4000 2.5000 14.3307
0.5000 2.5000 14.3104
0.6000 2.5000 14.2859
0.7000 2.5000 14.2575
0.8000 2.5000 14.2253
0.9000 2.5000 14.1892
1.0000 2.5000 14.1490
1.1000 2.5000 14.1042
1.2000 2.5000 14.0542
1.3000 2.5000 13.9981
1.4000 2.5000 13.9350
1.5000 2.5000 13.8643
1.6000 2.5000 13.7859
1.7000 2.5000 13.6996
1.8000 2.5000 13.6060
1.9000 2.5000 13.5060
2.0000 2.5000 13.4005
2.1000 2.5000 13.2911
2.2000 2.5000 13.1795
2.3000 2.5000 13.0681
2.4000 2.5000 12.9594
2.5000 2.5000 12.8566
2.6000 2.5000 12.7632
2.7000 2.5000 12.6829
2.8000 2.5000 12.6195
2.9000 2.5000 12.5767
3.0000 2.5000 12.5574
3.1000 2.5000 12.5632
3.2000 2.5000 12.5942
3.3000 2.5000 12.6495
3.4000 2.5000 12.7269
3.5000 2.5000 12.8240
3.6000 2.5000 12.9381
3.7000 2.5000 13.0657
3.8000 2.5000 13.2030
3.9000 2.5000 13.3457
4.0000 2.5000 13.4893
4.1000 2.5000 13.6293
4.2000 2.5000 13.7620
4.3000 2.5000 13.8842
4.4000 2.5000 13.9937
4.5000 2.5000 14.0891
4.6000 2.5000 14.1696
4.7000 2.5000 14.2353
4.8000 2.5000 14.2862
4.9000 2.5000 14.3227
0.0000 2.6000 14.3048
0.1000 2.6000 14.3163
0.2000 2.6000 14.3164
0.3000 2.6000 14.3076
0.4000 2.6000 14.2922
0.5000 2.6000 14.2718
0.6000 2.6000 14.2474
0.7000 2.6000 14.2192
0.8000 2.6000 14.1873
0.9000 2.6000 14.1515
1.0000 2.6000 14.1115
1.1000 2.6000 14.0669
1.2000 2.6000 14.0173
1.3000 2.6000 13.9624
1.4000 2.6000 13.9016
1.5000 2.6000 13.8344
1.6000 2.6000 13.7602
1.7000 2.6000 13.6786
1.8000 2.6000 13.5894
1.9000 2.6000 13.4924
2.0000 2.6000 13.3883
2.1000 2.6000 13.2781
2.2000 2.6000 13.1641
2.3000 2.6000 13.0492
2.4000 2.6000 12.9365
2.5000 2.6000 12.8296
2.6000 2.6000 12.7319
2.7000 2.6000 12.6471
2.8000 2.6000 12.5794
2.9000 2.6000 12.5332
3.0000 2.6000 12.5124
3.1000 2.6000 12.5191
3.2000 2.6000 12.5525
3.3000 2.6000 12.6101
3.4000 2.6000 12.6887
3.5000 2.6000 12.7853
3.6000 2.6000 12.8972
3.7000 2.6000 13.0213
3.8000 2.6000 13.1544
3.9000 2.6000 13.2929
4.0000 2.6000 13.4333
4.1000 2.6000 13.5715
4.2000 2.6000 13.7039
4.3000 2.6000 13.8268
4.4000 2.6000 13.9378
4.5000 2.6000 14.0353
4.6000 2.6000 14.1183
4.7000 2.6000 14.1868
4.8000 2.6000 14.2406
4.9000 2.6000 14.2799
0.0000 2.7000 14.2635
0.1000 2.7000 14.2756
0.2000 2.7000 14.2753
0.3000 2.7000 14.2656
0.4000 2.7000 14.2494
0.5000 2.7000 14.2283
0.6000 2.7000 14.2033
0.7000 2.7000 14.1749
0.8000 2.7000 14.1429
0.9000 2.7000 14.1071
1.0000 2.7000 14.0669
1.1000 2.7000 14.0219
1.2000 2.7000 13.9722
1.3000 2.7000 13.9181
1.4000 2.7000 13.8594
1.5000 2.7000 13.7956
1.6000 2.7000 13.7257
1.7000 2.7000 13.6490
1.8000 2.7000 13.5644
1.9000 2.7000 13.4712
2.0000 2.7000 13.3688
2.1000 2.7000 13.2579
2.2000 2.7000 13.1414
2.3000 2.7000 13.0230
2.4000 2.7000 12.9067
2.5000 2.7000 12.7959
2.6000 2.7000 12.6938
2.7000 2.7000 12.6040
2.8000 2.7000 12.5308
2.9000 2.7000 12.4799
3.0000 2.7000 12.4574
3.1000 2.7000 12.4664
3.2000 2.7000 12.5046
3.3000 2.7000 12.5667
3.4000 2.7000 12.6479
3.5000 2.7000 12.7449
3.6000 2.7000 12.8551
3.7000 2.7000 12.9760
3.8000 2.7000 13.1050
3.9000 2.7000 13.2394
4.0000 2.7000 13.3765
4.1000 2.7000 13.5130
4.2000 2.7000 13.6450
4.3000 2.7000 13.7686
4.4000 2.7000 13.8808
4.5000 2.7000 13.9801
4.6000 2.7000 14.0656
4.7000 2.7000 14.1370
4.8000 2.7000 14.1941
4.9000 2.7000 14.2365
0.0000 2.8000 14.2240
0.1000 2.8000 14.2356
0.2000 2.8000 14.2331
0.3000 2.8000 14.2213
0.4000 2.8000 14.2034
0.5000 2.8000 14.1811
0.6000 2.8000 14.1553
0.7000 2.8000 14.1263
0.8000 2.8000 14.0942
0.9000 2.8000 14.0583
1.0000 2.8000 14.0177
1.1000 2.8000 13.9718
1.2000 2.8000 13.9215
1.3000 2.8000 13.8677
1.4000 2.8000 13.8107
1.5000 2.8000 13.7499
1.6000 2.8000 13.6842
1.7000 2.8000 13.6123
1.8000 2.8000 13.5330
1.9000 2.8000 13.4443
2.0000 2.8000 13.3443
2.1000 2.8000 13.2324
2.2000 2.8000 13.1129
2.3000 2.8000 12.9911
2.4000 2.8000 12.8715
2.5000 2.8000 12.7573
2.6000 2.8000 12.6512
2.7000 2.8000 12.5561
2.8000 2.8000 12.4760
2.9000 2.8000 12.4179
3.0000 2.8000 12.3924
3.1000 2.8000 12.4060
3.2000 2.8000 12.4525
3.3000 2.8000 12.5216
3.4000 2.8000 12.6068
3.5000 2.8000 12.7048
3.6000 2.8000 12.8137
3.7000 2.8000 12.9315
3.8000 2.8000 13.0564
3.9000 2.8000 13.1864
4.0000 2.8000 13.3201
4.1000 2.8000 13.4553
4.2000 2.8000 13.5874
4.3000 2.8000 13.7117
4.4000 2.8000 13.8250
4.5000 2.8000 13.9258
4.6000 2.8000 14.0134
4.7000 2.8000 14.0877
4.8000 2.8000 14.1484
4.9000 2.8000 14.1946
0.0000 2.9000 14.1869
0.1000 2.9000 14.1965
0.2000 2.9000 14.1903
0.3000 2.9000 14.1757
0.4000 2.9000 14.1558
0.5000 2.9000 14.1322
0.6000 2.9000 14.1054
0.7000 2.9000 14.0757
0.8000 2.9000 14.0432
0.9000 2.9000 14.0073
1.0000 2.9000 13.9665
1.1000 2.9000 13.9192
1.2000 2.9000 13.8676
1.3000 2.9000 13.8138
1.4000 2.9000 13.7581
1.5000 2.9000 13.6999
1.6000 2.9000 13.6378
1.7000 2.9000 13.5703
1.8000 2.9000 13.4959
1.9000 2.9000 13.4126
2.0000 2.9000 13.3158
2.1000 2.9000 13.2023
2.2000 2.9000 13.0792
2.3000 2.9000 12.9545
2.4000 2.9000 12.8325
2.5000 2.9000 12.7161
2.6000 2.9000 12.6073
2.7000 2.9000 12.5080
2.8000 2.9000 12.4209
2.9000 2.9000 12.3531
3.0000 2.9000 12.3222
3.1000 2.9000 12.3436
3.2000 2.9000 12.4017
3.3000 2.9000 12.4789
3.4000 2.9000 12.5680
3.5000 2.9000 12.6670
3.6000 2.9000 12.7746
3.7000 2.9000 12.8897
3.8000 2.9000 13.0106
3.9000 2.9000 13.1359
4.0000 2.9000 13.2660
4.1000 2.9000 13.4006
4.2000 2.9000 13.5334
4.3000 2.9000 13.6584
4.4000 2.9000 13.7725
4.5000 2.9000 13.8743
4.6000 2.9000 13.9634
4.7000 2.9000 14.0399
4.8000 2.9000 14.1041
4.9000 2.9000 14.1547
